Date,Title,Description,Link,Source,Categories,Tags
"Fri, 22 Aug 2025 18:38:17 GMT",443 insiders press aviation leaders to accelerate climate action - Trellis Group,Any subsequent growth must be offset by purchasing CORSIA-approved carbon credits. Around 30 airlines have also committed to near-term goals with&nbsp;...,https://www.google.com/url?rct=j&sa=t&url=https://trellis.net/article/call-aviation-to-action-klm-air-france/&ct=ga&cd=CAIyGjY5OGEwNzY3NzBiYjU2N2Q6Y29tOmVuOlVT&usg=AOvVaw3d2SzxvOocKzU6CK7FKPfb,Google Alert: Carbon Credits,"carbon, technology","carbon, technology"
"Fri, 22 Aug 2025 18:33:11 GMT",COP bureau meeting ends in stalemate as Brazil insists Belém logistics can work,"A UN survey this month showed a majority of nations had yet to book hotels in Belém due to high costs, raising concerns about lower participation at the climate summit
The post COP bureau meeting ends in stalemate as Brazil insists Belém logistics can work appeared first on Climate Home News.",https://www.climatechangenews.com/2025/08/22/cop-bureau-meeting-stalemate-brazil-insists-belem-logistics-work-hotels/,Climate Change News,"technology, supplychain","technology, supplychain"
"Fri, 22 Aug 2025 18:32:59 GMT","<b>Carbon</b> insurance evolving from 'nice to have' to 'must have' in today's <b>carbon</b> markets, says Artio",Artio promises companies buying carbon credits a way to manage risks in early-stage carbon removal projects.,https://www.google.com/url?rct=j&sa=t&url=https://agfundernews.com/carbon-insurance-evolving-from-nice-to-have-to-must-have-in-todays-carbon-markets-says-artio&ct=ga&cd=CAIyGjY5OGEwNzY3NzBiYjU2N2Q6Y29tOmVuOlVT&usg=AOvVaw2NyyNvpS1n8j6AvjFPDRq5,Google Alert: Carbon Credits,carbon,carbon
"Fri, 22 Aug 2025 18:28:48 GMT",Space Blasts Murphy's Energy Crisis: One 'F' in Failure - New Jersey Senate Republicans,Senate Republicans sounded the alarm on PJM's capacity auction in September 2024 with an op-ed from Senate Republican Leader Anthony Bucco (R-25)&nbsp;...,https://www.google.com/url?rct=j&sa=t&url=https://www.senatenj.com/CivicAlerts.aspx%3FAID%3D833&ct=ga&cd=CAIyGjgyNTM1YzJkNDQ5YmE4OTI6Y29tOmVuOlVT&usg=AOvVaw24sONNTVJMahhcN8MBwy_q,Google Alert: PJM,"technology, rto","technology, rto"
"Fri, 22 Aug 2025 18:04:17 GMT",443 insiders press aviation leaders to accelerate climate action - Trellis Group,"... (SBTi), or had those goals validated by the organization. To align with warming of no more than 1.5 degrees Celsius, the SBTi requires airlines to&nbsp;...",https://www.google.com/url?rct=j&sa=t&url=https://trellis.net/article/call-aviation-to-action-klm-air-france/&ct=ga&cd=CAIyGjA3ZjllMWExZWZkNmNkNGQ6Y29tOmVuOlVT&usg=AOvVaw3d2SzxvOocKzU6CK7FKPfb,Google Alert: SBTi,technology,technology
"Fri, 22 Aug 2025 18:01:01 GMT","Governor signs bills to boost solar, battery storage generation - New Jersey Monitor","Among other things, PJM's rules prioritize projects with higher effective load-carrying capacity, a generation type's ability to produce electricity&nbsp;...",https://www.google.com/url?rct=j&sa=t&url=https://newjerseymonitor.com/2025/08/22/governor-signs-bills-to-boost-solar-storage-generation/&ct=ga&cd=CAIyGjgyNTM1YzJkNDQ5YmE4OTI6Y29tOmVuOlVT&usg=AOvVaw3JAuCGfXoMqYoIPuYhsc2o,Google Alert: PJM,"renewable, rto","renewable, rto"
"Fri, 22 Aug 2025 17:58:19 GMT",US approves fast-tracking power plants in mid-Atlantic grid over complaints that it favors gas,"The commission's Tuesday night decision, in a 3-1 vote, said the proposal by PJM Interconnection is “just and reasonable and not unduly discriminatory&nbsp;...",https://www.google.com/url?rct=j&sa=t&url=https://www.msn.com/en-us/money/companies/us-approves-fast-tracking-power-plants-in-mid-atlantic-grid-over-complaints-that-it-favors-gas/ar-AA1yUJWq%3Focid%3Dmailsignout%26apiversion%3Dv2%26noservercache%3D1%26domshim%3D1%26renderwebcomponents%3D1%26wcseo%3D1%26batchservertelemetry%3D1%26noservertelemetry%3D1&ct=ga&cd=CAIyGjgyNTM1YzJkNDQ5YmE4OTI6Y29tOmVuOlVT&usg=AOvVaw2rqbQni53bJWJ8ZWZsT1HV,Google Alert: PJM,"technology, rto","technology, rto"
"Fri, 22 Aug 2025 17:45:37 GMT",Corporate Knights Sustainable Economy Taxonomy,"A leading edge taxonomy for measuring corporate contributions to the sustainability transition
The post Corporate Knights Sustainable Economy Taxonomy appeared first on Corporate Knights.",https://www.corporateknights.com/resources/corporate-knights-sustainable-taxonomy/,Corporate Knights,"esg, technology","esg, technology"
"Fri, 22 Aug 2025 17:39:44 GMT",Texas Clean Energy Summit 2025 arrives in Austin on August 26–28 - Microgrid Media,ERCOT's latest planning work shows a stronger growth path than before. The grid operator highlights that new large loads from data centers dominate&nbsp;...,https://www.google.com/url?rct=j&sa=t&url=https://microgridmedia.com/texas-clean-energy-summit-2025/&ct=ga&cd=CAIyGmQyZTYzOTM0NDhmMzdjZjY6Y29tOmVuOlVT&usg=AOvVaw0CqYHFHp2T-99F2YX-4_Tb,Google Alert: ERCOT,"renewable, datacenters, rto","renewable, datacenters, rto"
"Fri, 22 Aug 2025 17:00:16 GMT",<b>Carbon</b> market governance tightened to support global climate action,"The government is intensifying measures to regulate international carbon trading, boosting the country's participation in global climate&nbsp;...",https://www.google.com/url?rct=j&sa=t&url=https://vir.com.vn/carbon-market-governance-tightened-to-support-global-climate-action-135003.html&ct=ga&cd=CAIyGjY5OGEwNzY3NzBiYjU2N2Q6Y29tOmVuOlVT&usg=AOvVaw1M5Mokv7pJa_s0CDwuTqsI,Google Alert: Carbon Credits,carbon,carbon
"Fri, 22 Aug 2025 16:24:51 GMT",Trump Says U.S. Won't Approve New Solar or Wind Projects - NewsBreak,"On PJM Interconnection, the nation's largest grid operator, prices for new power capacity rose 22% year-over-year in an auction last month. PJM&nbsp;...",https://www.google.com/url?rct=j&sa=t&url=https://www.newsbreak.com/dmr-news-321522575/4186964212468-trump-says-u-s-won-t-approve-new-solar-or-wind-projects&ct=ga&cd=CAIyGjgyNTM1YzJkNDQ5YmE4OTI6Y29tOmVuOlVT&usg=AOvVaw2waC-cfAJc_xBleVsh2OOV,Google Alert: PJM,"renewable, rto","renewable, rto"
"Fri, 22 Aug 2025 16:03:48 GMT",Microsoft's Thom McKiernan Joins RISE Awards Judging Panel - Sustainable Times,"Like all major players in the AI race, it faces questions about its carbon footprint. As an early adopter of carbon credits, the company was&nbsp;...",https://www.google.com/url?rct=j&sa=t&url=https://www.sustainabletimes.co.uk/post/microsoft-s-thom-mckiernan-joins-rise-awards-judging-panel&ct=ga&cd=CAIyGjY5OGEwNzY3NzBiYjU2N2Q6Y29tOmVuOlVT&usg=AOvVaw0WbYBVqQAu1tJQzBo2h0pM,Google Alert: Carbon Credits,"carbon, technology","carbon, technology"
"Fri, 22 Aug 2025 16:01:31 GMT",US EPA grants most refinery biofuel waiver requests | Latest Market News - Argus Media,... credits from those that do. Refiners that process no more than ... But ASIC has identified integrity and fairness in energy and carbon credit&nbsp;...,https://www.google.com/url?rct=j&sa=t&url=https://www.argusmedia.com/news-and-insights/latest-market-news/2724122-us-epa-grants-most-refinery-biofuel-waiver-requests&ct=ga&cd=CAIyGjY5OGEwNzY3NzBiYjU2N2Q6Y29tOmVuOlVT&usg=AOvVaw1UBXE_chhekEmutCSpGYLJ,Google Alert: Carbon Credits,"carbon, technology","carbon, technology"
"Fri, 22 Aug 2025 15:42:00 GMT",Song Seung-gi also won 10 games! LG will go first! 5.5 game difference | SportsChosun,The LG Twins won four consecutive games by destroying the KIA Tigers' mound.LG beat KIA 14-2 in the 2025 KBO League at KIA Champions Field in&nbsp;...,https://www.google.com/url?rct=j&sa=t&url=https://en.sportschosun.com/sports/2025/08/song-seung-gi-also-won-10-games-lg-will-99827&ct=ga&cd=CAIyGjgyNTM1YzJkNDQ5YmE4OTI6Y29tOmVuOlVT&usg=AOvVaw2yKGTZXn6JwRdVcrLdOYE5,Google Alert: PJM,,
"Fri, 22 Aug 2025 15:40:32 GMT",Malawi unveils all-encompassing framework for <b>carbon</b> projects,"The framework assigns a number of responsibilities to project developers, which includes a release of the carbon credits generated and sold, the&nbsp;...",https://www.google.com/url?rct=j&sa=t&url=https://www.qcintel.com/carbon/article/malawi-unveils-all-encompassing-framework-for-carbon-projects-47204.html&ct=ga&cd=CAIyGjY5OGEwNzY3NzBiYjU2N2Q6Y29tOmVuOlVT&usg=AOvVaw30FUjVPGBfrawWbp4UIxRt,Google Alert: Carbon Credits,carbon,carbon
"Fri, 22 Aug 2025 14:48:37 GMT",Pacifico Energy's GW Ranch: Off-Grid &amp; Gas-Fired Power for Texas Data Centers,"Los Angeles-based Pacifico Energy plans to build GW Ranch completely unconnected to the Electric Reliability Council of Texas (ERCOT) grid system,&nbsp;...",https://www.google.com/url?rct=j&sa=t&url=https://www.energytech.com/data-center-power/article/55311675/pacifico-unveils-5-gw-off-grid-texas-power-for-data-centers&ct=ga&cd=CAIyGmQyZTYzOTM0NDhmMzdjZjY6Y29tOmVuOlVT&usg=AOvVaw1xrh7jkbFsXFBl9DOQ4CbJ,Google Alert: ERCOT,"datacenters, rto","datacenters, rto"
"Fri, 22 Aug 2025 14:45:31 GMT","Over 11,000 companies set science-based climate targets - Sustainable Views",Asian companies are the fastest-growing cohort signing on to the SBTi's standards More than 11000 companies worldwide have committed to or set&nbsp;...,https://www.google.com/url?rct=j&sa=t&url=https://www.sustainableviews.com/over-11000-companies-set-science-based-climate-targets-a334b80d/&ct=ga&cd=CAIyGjA3ZjllMWExZWZkNmNkNGQ6Y29tOmVuOlVT&usg=AOvVaw3RBMJrivFb7NGHuJbZ189v,Google Alert: SBTi,technology,technology
"Fri, 22 Aug 2025 14:43:23 GMT",Optimizing enhanced coalbed methane recovery in thick lignite formations,"Carbon trading price: As a key revenue stream for carbon sequestration, carbon pricing significantly impacts project economics. Historical data (2014–&nbsp;...",https://www.google.com/url?rct=j&sa=t&url=https://www.sciencedirect.com/science/article/pii/S2590123025028002&ct=ga&cd=CAIyGjY5OGEwNzY3NzBiYjU2N2Q6Y29tOmVuOlVT&usg=AOvVaw166sZ1Hgv125lJT6-KCjAi,Google Alert: Carbon Credits,carbon,carbon
"Fri, 22 Aug 2025 14:37:15 GMT",Georgia Power receives natural gas turbine as delays loom | Utility Dive,"PJM surplus interconnection can support 153 GW of solar, wind, storage: UC Berkeley researchers. Library resources. studioID resource icon. Survey&nbsp;...",https://www.google.com/url?rct=j&sa=t&url=https://www.utilitydive.com/news/georgia-power-natural-gas-turbine-delivery-delays-mitsubishi/758252/&ct=ga&cd=CAIyGjgyNTM1YzJkNDQ5YmE4OTI6Y29tOmVuOlVT&usg=AOvVaw2vOsYp6_D8eWC1fs0zm_G-,Google Alert: PJM,"renewable, rto","renewable, rto"
"Fri, 22 Aug 2025 14:03:06 GMT","Hyundai, GM, Volvo &amp; <b>SBTi</b>: This Week's EV Top 5 Stories - EV Magazine","Hyundai, GM, Volvo, SBTi, Tesla, Maserati, Lotus, Rimac, Aspark and Snowflake are shaping the future of EVs with new models, standards and AI&nbsp;...",https://www.google.com/url?rct=j&sa=t&url=https://evmagazine.com/news/hyundai-gm-volvo-sbti-lead-this-weeks-ev-top-5-stories&ct=ga&cd=CAIyGjA3ZjllMWExZWZkNmNkNGQ6Y29tOmVuOlVT&usg=AOvVaw1BH-QC11jjWRyg-xmzjzue,Google Alert: SBTi,technology,technology
"Fri, 22 Aug 2025 13:53:34 GMT",<b>PJM</b> Announces Application Deadline for First Cycle of New Interconnection Process,"The application deadline for Cycle No. 1 of PJM's reformed interconnection process will be April 27, 2026, PJM announced Friday. Previously filed&nbsp;...",https://www.google.com/url?rct=j&sa=t&url=https://insidelines.pjm.com/pjm-announces-application-deadline-for-first-cycle-of-new-interconnection-process/&ct=ga&cd=CAIyGjgyNTM1YzJkNDQ5YmE4OTI6Y29tOmVuOlVT&usg=AOvVaw30LV5f9HzUqjiAzCcpck5K,Google Alert: PJM,rto,rto
"Fri, 22 Aug 2025 13:38:10 GMT",GridBeyond Expands Services with Revenue Floor and Synthetic Toll Contracts in ERCOT ...,"... (CAISO) markets. Backed by highly rated underwriting partners, these contracts provide project owners with new tools to de-risk their balance&nbsp;...",https://www.google.com/url?rct=j&sa=t&url=https://finance.yahoo.com/news/gridbeyond-expands-services-revenue-floor-130849037.html&ct=ga&cd=CAIyGmIxNDZhNWJlODkyN2Y0YTI6Y29tOmVuOlVT&usg=AOvVaw3PJWCP7IiJ2812i42OlyGL,Google Alert: CAISO,"technology, rto","technology, rto"
"Fri, 22 Aug 2025 13:24:07 GMT",<b>Carbon credits</b> or cultural genocide? The dark truth behind Kenya's forest evictions,"NAROK, Aug 22 — Fred Ngusilo stoops to pick up a leather pouch, once used to collect honey, and a discarded shoe from the Mau forest floor,&nbsp;...",https://www.google.com/url?rct=j&sa=t&url=https://www.malaymail.com/news/life/2025/08/22/carbon-credits-or-cultural-genocide-the-dark-truth-behind-kenyas-forest-evictions/188551&ct=ga&cd=CAIyGjY5OGEwNzY3NzBiYjU2N2Q6Y29tOmVuOlVT&usg=AOvVaw1BGCNvimVBheRbhHQ24MZC,Google Alert: Carbon Credits,carbon,carbon
"Fri, 22 Aug 2025 13:24:03 GMT","Employers need plans to protect workers from rising heat stress, UN says","As temperatures rise, the UN's health and weather agencies release guidelines to reduce risks for workers facing extreme heat 
The post Employers need plans to protect workers from rising heat stress, UN says appeared first on Climate Home News.",https://www.climatechangenews.com/2025/08/22/employers-need-plans-to-protect-workers-from-rising-heat-stress-un-says/,Climate Change News,,
"Fri, 22 Aug 2025 13:22:46 GMT",Ghana leads in Africa's <b>carbon</b> market with landmark deal,"He added that the country is actively generating and selling carbon credits, helping to reduce global emissions while supporting national development.",https://www.google.com/url?rct=j&sa=t&url=https://www.ghanaweb.com/GhanaHomePage/business/Ghana-leads-in-Africa-s-carbon-market-with-landmark-deal-1997276&ct=ga&cd=CAIyGjY5OGEwNzY3NzBiYjU2N2Q6Y29tOmVuOlVT&usg=AOvVaw18LCupCOIS_-xBMrqGnQjX,Google Alert: Carbon Credits,carbon,carbon
"Fri, 22 Aug 2025 13:21:45 GMT",GridBeyond now offers revenue floor and synthetic toll contracts in ERCOT and <b>CAISO</b>,Earning revenue in the Electric Reliability Council of Texas (ERCOT) and California Independent System Operator's (CAISO) storage markets has&nbsp;...,https://www.google.com/url?rct=j&sa=t&url=https://pv-magazine-usa.com/2025/08/22/gridbeyond-now-offers-revenue-floor-and-synthetic-toll-contracts-in-ercot-and-caiso/&ct=ga&cd=CAIyGmIxNDZhNWJlODkyN2Y0YTI6Y29tOmVuOlVT&usg=AOvVaw2w7RJKb3dlg5fBo9Krn5aW,Google Alert: CAISO,"technology, rto","technology, rto"
"Fri, 22 Aug 2025 13:21:45 GMT",GridBeyond now offers revenue floor and synthetic toll contracts in <b>ERCOT</b> and CAISO,Earning revenue in the Electric Reliability Council of Texas (ERCOT) and California Independent System Operator's (CAISO) storage markets has&nbsp;...,https://www.google.com/url?rct=j&sa=t&url=https://pv-magazine-usa.com/2025/08/22/gridbeyond-now-offers-revenue-floor-and-synthetic-toll-contracts-in-ercot-and-caiso/&ct=ga&cd=CAIyGmQyZTYzOTM0NDhmMzdjZjY6Y29tOmVuOlVT&usg=AOvVaw2w7RJKb3dlg5fBo9Krn5aW,Google Alert: ERCOT,"technology, rto","technology, rto"
"Fri, 22 Aug 2025 13:20:31 GMT",GridBeyond Expands Services with Revenue Floor and Synthetic Toll Contracts in ERCOT ...,Explore GridBeyond's revenue floor and toll contracts for power storage projects in ERCOT and CAISO markets.,https://www.google.com/url?rct=j&sa=t&url=https://www.powermag.com/gridbeyond-expands-services-with-revenue-floor-and-synthetic-toll-contracts-in-ercot-and-caiso/&ct=ga&cd=CAIyGmIxNDZhNWJlODkyN2Y0YTI6Y29tOmVuOlVT&usg=AOvVaw3vanFWGoXlFo_DPq0Ov2eZ,Google Alert: CAISO,"technology, rto","technology, rto"
"Fri, 22 Aug 2025 13:20:31 GMT",GridBeyond Expands Services with Revenue Floor and Synthetic Toll Contracts in <b>ERCOT</b> ...,GridBeyond now offers revenue floor and toll contracts for selected power storage projects in the Electric Reliability Council of Texas (ERCOT)&nbsp;...,https://www.google.com/url?rct=j&sa=t&url=https://www.powermag.com/gridbeyond-expands-services-with-revenue-floor-and-synthetic-toll-contracts-in-ercot-and-caiso/&ct=ga&cd=CAIyGmQyZTYzOTM0NDhmMzdjZjY6Y29tOmVuOlVT&usg=AOvVaw3vanFWGoXlFo_DPq0Ov2eZ,Google Alert: ERCOT,rto,rto
"Fri, 22 Aug 2025 13:10:50 GMT","The First International PV <b>Carbon</b> Footprint Standard: Significance, Strategies, and Eastron's Solution","This created trade barriers (e.g., a &quot;low-carbon&quot; module certified in China might fail EU criteria) and eroded trust in carbon credits. In 2025, a&nbsp;...",https://www.google.com/url?rct=j&sa=t&url=https://www.altenergymag.com/news/2025/08/22/the-first-international-pv-carbon-footprint-standard-significance-strategies-and-eastrons-solution/45924&ct=ga&cd=CAIyGjY5OGEwNzY3NzBiYjU2N2Q6Y29tOmVuOlVT&usg=AOvVaw1V_qvPvWraO3p9MtbU3gye,Google Alert: Carbon Credits,"carbon, technology","carbon, technology"
"Fri, 22 Aug 2025 13:07:22 GMT",<b>PJM</b> Wholesale Energy Market Remains Competitive Despite Rising Prices - MSN,"EAGLEVILLE, PA — PJM Interconnection's wholesale electric energy market produced competitive results in the first half of 2025 despite significant&nbsp;...",https://www.google.com/url?rct=j&sa=t&url=https://www.msn.com/en-us/money/markets/pjm-wholesale-energy-market-remains-competitive-despite-rising-prices/ar-AA1KVsxV&ct=ga&cd=CAIyGjgyNTM1YzJkNDQ5YmE4OTI6Y29tOmVuOlVT&usg=AOvVaw0jGKtb590mRilfZ7NvNKyd,Google Alert: PJM,"technology, rto","technology, rto"
"Fri, 22 Aug 2025 13:07:14 GMT",Texas Power Rush - by Doug Lewin,"ERCOT's interconnection queue is over 430 gigawatts, up about 30% from two years ago. Texas' supply — not the queue, but what's actually on the&nbsp;...",https://www.google.com/url?rct=j&sa=t&url=https://www.douglewin.com/p/texas-power-rush&ct=ga&cd=CAIyGmQyZTYzOTM0NDhmMzdjZjY6Y29tOmVuOlVT&usg=AOvVaw0GCyoh0WJMubjPZlf-gpra,Google Alert: ERCOT,rto,rto
"Fri, 22 Aug 2025 13:03:29 GMT","BHP Mines 2 Million Tonnes of Copper in FY25, Boosting EV and Renewable Growth","Carbon CreditsBHP Mines 2 Million Tonnes of Copper in FY25, Boosting EV ... CarbonCredits.Com is your source for carbon news, carbon pricing, carbon&nbsp;...",https://www.google.com/url?rct=j&sa=t&url=https://carboncredits.com/bhp-mines-2-million-tonnes-of-copper-in-fy25-boosting-ev-and-renewable-growth/&ct=ga&cd=CAIyGjY5OGEwNzY3NzBiYjU2N2Q6Y29tOmVuOlVT&usg=AOvVaw31vn_hOakZmH6GjXUAUNqw,Google Alert: Carbon Credits,carbon,carbon
"Fri, 22 Aug 2025 12:41:37 GMT",<b>Carbon</b> Lock Tech Proposes $5M Waste-to-Biochar Facility In Ritchot,Rubicon Carbon And Bio-Logical Strike A Deal For Biochar CDR Credits ... Rubicon Carbon has signed an offtake agreement with Kenya-based carbon dioxide&nbsp;...,https://www.google.com/url?rct=j&sa=t&url=https://carbonherald.com/carbon-lock-tech-proposes-5m-waste-to-biochar-facility-in-ritchot/&ct=ga&cd=CAIyGjY5OGEwNzY3NzBiYjU2N2Q6Y29tOmVuOlVT&usg=AOvVaw1WRhOVhWBKS8qo3WWgYoPZ,Google Alert: Carbon Credits,,
"Fri, 22 Aug 2025 12:38:47 GMT",WRAP Day-Ahead Market Task Force Moves Forward on Concept Paper - RTO Insider,... CAISO Extended Day-Ahead Market (EDAM). WRAP was designed before the two markets completed their designs. (See WRAP Task Force Explores&nbsp;...,https://www.google.com/url?rct=j&sa=t&url=https://www.rtoinsider.com/113051-wrap-day-ahead-market-task-force-moves-forward-concept-paper/&ct=ga&cd=CAIyGmIxNDZhNWJlODkyN2Y0YTI6Y29tOmVuOlVT&usg=AOvVaw2FH9Gy5ZihqNyKlaROjDgH,Google Alert: CAISO,"technology, rto","technology, rto"
"Fri, 22 Aug 2025 12:34:12 GMT",<b>Carbon offsets</b> land companies in court as climate washing cases rise - FMJ,"Each carbon credit equals one ton of CO₂ reduced or removed, becoming an offset once purchased and retired. According to Exergio, an energy&nbsp;...",https://www.google.com/url?rct=j&sa=t&url=https://www.fmj.co.uk/carbon-offsets-land-companies-in-court-as-climate-washing-cases-rise/&ct=ga&cd=CAIyGjY5OGEwNzY3NzBiYjU2N2Q6Y29tOmVuOlVT&usg=AOvVaw3OtYLht5KibbNUy6wkrjDQ,Google Alert: Carbon Credits,carbon,carbon
"Fri, 22 Aug 2025 12:33:53 GMT",Google Reveals the Environmental Cost of Gemini AI Query - CarbonCredits.com,"Carbon Credits &middot; Zefiro Methane's First Carbon Offset Sale: Turning Orphan Wells Into Climate Assets. August 21, 2025. AI (Artificial Intelligence)&nbsp;...",https://www.google.com/url?rct=j&sa=t&url=https://carboncredits.com/google-reveals-the-environmental-cost-of-gemini-ai-query/&ct=ga&cd=CAIyGjY5OGEwNzY3NzBiYjU2N2Q6Y29tOmVuOlVT&usg=AOvVaw28Zz5JmK5joTrzQ08xaLOb,Google Alert: Carbon Credits,"carbon, technology","carbon, technology"
"Fri, 22 Aug 2025 12:16:38 GMT",Ansell : Commits to Net-Zero Emissions by FY2045 | MarketScreener,... (SBTi). Overall Goal: Reach net-zero greenhouse gas (GHG) emissions ... The SBTi validation of our science-based targets also reflects our&nbsp;...,https://www.google.com/url?rct=j&sa=t&url=https://www.marketscreener.com/news/ansell-commits-to-net-zero-emissions-by-fy2045-ce7c50dad188f524&ct=ga&cd=CAIyGjA3ZjllMWExZWZkNmNkNGQ6Y29tOmVuOlVT&usg=AOvVaw1Fu0GL6ImqSM1tZmUdXwRn,Google Alert: SBTi,,
"Fri, 22 Aug 2025 12:09:48 GMT",Asian firms lead <b>SBTi</b> adoption with remarkable growth - The Asset,"... ( SBTi )-approved targets, according to a recent report. Nearly 11,000 companies globally, as of the first half of 2025, have either already set&nbsp;...",https://www.google.com/url?rct=j&sa=t&url=https://www.theasset.com/article-esg/54743/asian-firms-lead-sbti-adoption-with-remarkable-growth&ct=ga&cd=CAIyGjA3ZjllMWExZWZkNmNkNGQ6Y29tOmVuOlVT&usg=AOvVaw2oSXHOIY2uWqMa9jN3vi5X,Google Alert: SBTi,,
"Fri, 22 Aug 2025 12:03:04 GMT",India walks back order to clear Delhi of stray dogs - Yahoo News Singapore,"&quot;I am going to celebrate on the way with all the dogs that I meet,&quot; she said. str-bb/pjm/cwl. Terms/Privacy Policy &middot; Privacy dashboard &middot; About our ads.",https://www.google.com/url?rct=j&sa=t&url=https://sg.news.yahoo.com/india-walks-back-order-clear-090256304.html&ct=ga&cd=CAIyGjgyNTM1YzJkNDQ5YmE4OTI6Y29tOmVuOlVT&usg=AOvVaw1zkhhnYWpuSf-L4ttkfyJZ,Google Alert: PJM,"technology, rto","technology, rto"
"Fri, 22 Aug 2025 12:00:16 GMT",Malaysian securities firm launches 'climate sukuk' with <b>carbon credit</b> payout,"A Malaysian securities firm on Friday launched what it said is the world's first Islamic bond, or sukuk, that pays investors in carbon credits&nbsp;...",https://www.google.com/url?rct=j&sa=t&url=https://carbon-pulse.com/428257/&ct=ga&cd=CAIyGjY5OGEwNzY3NzBiYjU2N2Q6Y29tOmVuOlVT&usg=AOvVaw3mJhOdjrAVM4x92uokXcQG,Google Alert: Carbon Credits,"carbon, technology","carbon, technology"
"Fri, 22 Aug 2025 11:43:46 GMT",Climate Change: Some Forests Can Add to Global Warming - Bloomberg.com,"The research raises additional concerns around the climate benefits of forest-based carbon projects, which generate credits for every one ton of CO2&nbsp;...",https://www.google.com/url?rct=j&sa=t&url=https://www.bloomberg.com/news/articles/2025-08-22/forests-in-certain-areas-of-the-world-can-add-to-global-warming&ct=ga&cd=CAIyGjY5OGEwNzY3NzBiYjU2N2Q6Y29tOmVuOlVT&usg=AOvVaw2_97-bXsM6IUVfqeKqeVWS,Google Alert: Carbon Credits,technology,technology
"Fri, 22 Aug 2025 11:31:46 GMT",Rubicon <b>Carbon</b> And Bio-Logical Strike A Deal For Biochar CDR <b>Credits</b>,"Under the agreement, Bio-Logical will deliver carbon credits through its first operating biochar facility launched near Mt. Kenya back in 2023. As a&nbsp;...",https://www.google.com/url?rct=j&sa=t&url=https://carbonherald.com/rubicon-carbon-and-bio-logical-strike-a-deal-for-biochar-cdr-credits/&ct=ga&cd=CAIyGjY5OGEwNzY3NzBiYjU2N2Q6Y29tOmVuOlVT&usg=AOvVaw0x670ZJdPlUDhJTJ7VyXOO,Google Alert: Carbon Credits,carbon,carbon
"Fri, 22 Aug 2025 11:19:43 GMT",Massachusetts to explore biodiversity <b>credits</b> under nature strategy - Carbon Pulse,"The Massachusetts government has published a biodiversity conservation and restoration plan towards 2050, naming biodiversity credits among the&nbsp;...",https://www.google.com/url?rct=j&sa=t&url=https://carbon-pulse.com/428239/&ct=ga&cd=CAIyGjY5OGEwNzY3NzBiYjU2N2Q6Y29tOmVuOlVT&usg=AOvVaw0oeVMMPyDCaNRiL6OkaEb9,Google Alert: Carbon Credits,,
"Fri, 22 Aug 2025 11:17:07 GMT",KY residents and officials oppose new power plants for data centers - WUKY,"... PJM. Increased demand for energy and the costs of new electricity transmission are being passed to ratepayers. In a statement, Louisville Gas and&nbsp;...",https://www.google.com/url?rct=j&sa=t&url=https://www.wuky.org/wuky-news/2025-08-22/ky-residents-and-officials-oppose-new-power-plants-for-data-centers&ct=ga&cd=CAIyGjgyNTM1YzJkNDQ5YmE4OTI6Y29tOmVuOlVT&usg=AOvVaw3eKDUEqFu5nWhpKZJMADSs,Google Alert: PJM,"datacenters, rto","datacenters, rto"
"Fri, 22 Aug 2025 11:13:18 GMT","Chatterjee, Bush Expect Sharp Changes in Response to <b>OBBBA</b> - RTO Insider",Ex-FERC Chair Neil Chatterjee says IRA implementation limited fossil fuels too much and OBBBA implementation may limit renewables too much.,https://www.google.com/url?rct=j&sa=t&url=https://www.rtoinsider.com/113062-chatterjee-bush-expect-sharp-changes-response-obbba/&ct=ga&cd=CAIyGjBhMzAxZDQ3ZTc0ODhhYmY6Y29tOmVuOlVT&usg=AOvVaw130sohKAtfm-LqiX5acwtc,Google Alert: OBBBA Renewables,"technology, rto","technology, rto"
"Fri, 22 Aug 2025 11:00:38 GMT","<b>Carbon</b> Market Could Unlock Millions for Liberia, but Policy Gaps Remain - allAfrica.com","... carbon credits on the global market.&quot; According to Whapoe, Liberia could potentially generate millions of dollars annually from carbon trading&nbsp;...",https://www.google.com/url?rct=j&sa=t&url=https://allafrica.com/stories/202508220190.html&ct=ga&cd=CAIyGjY5OGEwNzY3NzBiYjU2N2Q6Y29tOmVuOlVT&usg=AOvVaw2ZAw7MgTF6-DFIg6QjsXEt,Google Alert: Carbon Credits,"carbon, technology","carbon, technology"
"Fri, 22 Aug 2025 10:22:34 GMT",Delaware electric utilities receive refunds after settling complaint regarding Indian River Power Plant,"PJM's Independent Market Monitor, which advocates for electricity market fairness, opposed the settlement, saying NRG should have paid more. “We&nbsp;...",https://www.google.com/url?rct=j&sa=t&url=https://www.newarkpostonline.com/news/delaware-electric-utilities-receive-refunds-after-settling-complaint-regarding-indian-river-power-plant/article_2759239a-5964-47e8-993c-453a205cfa15.html&ct=ga&cd=CAIyGjgyNTM1YzJkNDQ5YmE4OTI6Y29tOmVuOlVT&usg=AOvVaw3cY72Q8aG39t34d5YmFSgG,Google Alert: PJM,"technology, rto","technology, rto"
"Fri, 22 Aug 2025 10:12:38 GMT",Solar Energy at the Crossroads: Policy Shifts and the Inflection Point for <b>Renewable</b> Energy Markets,- The 2025 OBBBA Act accelerates residential solar tax credit expiration and tightens commercial project eligibility rules. - Market bifurcation&nbsp;...,https://www.google.com/url?rct=j&sa=t&url=https://www.ainvest.com/news/solar-energy-crossroads-policy-shifts-inflection-point-renewable-energy-markets-2508/&ct=ga&cd=CAIyGjBhMzAxZDQ3ZTc0ODhhYmY6Y29tOmVuOlVT&usg=AOvVaw3SuT49FDLy4sfdF_HwYghu,Google Alert: OBBBA Renewables,renewable,renewable
"Fri, 22 Aug 2025 09:48:19 GMT",Grid Operators Propose Innovative Measures to Manage Electricity Demand from Data Centers,"(SPP), and Electric Reliability Council of Texas (ERCOT). PJM. PJM is home to the most data centers in the country, largely in the northern Virginia&nbsp;...",https://www.google.com/url?rct=j&sa=t&url=https://www.jdsupra.com/legalnews/grid-operators-propose-innovative-5383936/&ct=ga&cd=CAIyGmQyZTYzOTM0NDhmMzdjZjY6Y29tOmVuOlVT&usg=AOvVaw1etu-u3WZu3VSBRvgPBw_l,Google Alert: ERCOT,"datacenters, rto","datacenters, rto"
"Fri, 22 Aug 2025 09:48:19 GMT",Grid Operators Propose Innovative Measures to Manage Electricity Demand from Data Centers,PJM &middot; Non-Capacity-Backed Load (NCBL). New large load addition requests at or exceeding 50 megawatts will be eligible. &middot; Priority interconnection&nbsp;...,https://www.google.com/url?rct=j&sa=t&url=https://www.jdsupra.com/legalnews/grid-operators-propose-innovative-5383936/&ct=ga&cd=CAIyGjgyNTM1YzJkNDQ5YmE4OTI6Y29tOmVuOlVT&usg=AOvVaw1etu-u3WZu3VSBRvgPBw_l,Google Alert: PJM,"datacenters, rto","datacenters, rto"
"Fri, 22 Aug 2025 09:34:23 GMT",Trump blames wind and solar for rising electricity prices: What to know - Washington Examiner,"Major grid operators, including PJM Interconnection, have announced large rate hikes in recent weeks. Wholesale electricity costs are set to jump&nbsp;...",https://www.google.com/url?rct=j&sa=t&url=https://www.washingtonexaminer.com/policy/3762167/trump-blames-wind-solar-rising-electricity-prices/&ct=ga&cd=CAIyGjgyNTM1YzJkNDQ5YmE4OTI6Y29tOmVuOlVT&usg=AOvVaw2O7S4jyzLbuWLNc4s3fml9,Google Alert: PJM,"renewable, rto","renewable, rto"
"Fri, 22 Aug 2025 09:34:06 GMT",Asian Development Bank backs Pakistan copper mine despite human rights fears,"Campaigners argue the Reko Diq copper-gold mine in Balochistan risks worsening the plight of human rights defenders in a region marred by conflict 
The post Asian Development Bank backs Pakistan copper mine despite human rights fears appeared first on Climate Home News.",https://www.climatechangenews.com/2025/08/22/asian-development-bank-backs-pakistan-copper-mine-despite-human-rights-fears/,Climate Change News,technology,technology
"Fri, 22 Aug 2025 09:13:40 GMT","Hanwha, which is in a crisis of losing five consecutive games, will go | SportsChosun",Daejeon = Reporter Park Jae-man pjm@sportschosun.com /2025.08.20/. Hanwha has lost five consecutive games since the match against the Changwon NC&nbsp;...,https://www.google.com/url?rct=j&sa=t&url=https://en.sportschosun.com/sports/2025/08/hanwha-which-is-in-crisis-of-losing-99700&ct=ga&cd=CAIyGjgyNTM1YzJkNDQ5YmE4OTI6Y29tOmVuOlVT&usg=AOvVaw2dixJVYgV1gflwgaESPdV7,Google Alert: PJM,"technology, rto","technology, rto"
"Fri, 22 Aug 2025 09:02:56 GMT","Sherrill Prioritizes Protecting Ratepayers, Addressing <b>PJM</b> Mismanagement in New Utility ...","&quot;New Jersey residents are feeling the impact of rising utility costs, and Mikie Sherill's plan goes right at the source of that increase: PJM&nbsp;...",https://www.google.com/url?rct=j&sa=t&url=https://www.evergreenaction.com/press/sherrill-prioritizes-protecting-ratepayers-addressing-pjm-mismanagement-in-new-utility-costs-emergency-plan&ct=ga&cd=CAIyGjgyNTM1YzJkNDQ5YmE4OTI6Y29tOmVuOlVT&usg=AOvVaw30tcY4ihiR39sYeOChhaZV,Google Alert: PJM,rto,rto
"Fri, 22 Aug 2025 08:30:00 GMT",AI Data Centers: A Popular Term That’s Hard to Define,"Modern AI workloads are reshaping data center requirements, but what truly differentiates an ‘AI data center’ from traditional facilities remains surprisingly ambiguous.",https://www.datacenterknowledge.com/ai-data-centers/ai-data-centers-a-popular-term-that-s-hard-to-define,Data Center Knowledge,"datacenters, technology","datacenters, technology"
"Fri, 22 Aug 2025 07:24:28 GMT",Ryu Hyun-jin's shock bases loaded! 3rd taste of Park Gye-beom's life | SportsChosun,Daejeon = Reporter Park Jae-man pjm@sportschosun.com /2025.08.21/. Park Gye-beom of the Doosan Bears hit his third grand slam at a dramatic moment&nbsp;...,https://www.google.com/url?rct=j&sa=t&url=https://en.sportschosun.com/sports/2025/08/ryu-hyun-jins-shock-bases-loaded-3rd-taste-of-99675&ct=ga&cd=CAIyGjgyNTM1YzJkNDQ5YmE4OTI6Y29tOmVuOlVT&usg=AOvVaw3DfR7Jw9M7Pw0e4MWUMWmd,Google Alert: PJM,rto,rto
"Fri, 22 Aug 2025 07:22:01 GMT",NJ targets grid operator in effort to rein in electricity prices | NJ Spotlight News,"Gov. Murphy signed bills he said will increase transparency on PJM Interconnection, the nonprofit that runs the regional electricity grid.",https://www.google.com/url?rct=j&sa=t&url=https://www.njspotlightnews.org/2025/08/trying-to-curb-electricity-prices-nj-targets-grid-operator-pjm/&ct=ga&cd=CAIyGjgyNTM1YzJkNDQ5YmE4OTI6Y29tOmVuOlVT&usg=AOvVaw2CStwGA5HMmFcFOzcheXke,Google Alert: PJM,"technology, rto","technology, rto"
"Fri, 22 Aug 2025 07:20:53 GMT",Letter: We need reform of <b>PJM's</b> grid management | Opinion | meadvilletribune.com,"Recently, PJM Interconnection, the company that runs the regional electric grid, held an auction to buy energy to power the grid during times of&nbsp;...",https://www.google.com/url?rct=j&sa=t&url=https://www.meadvilletribune.com/opinion/letter-we-need-reform-of-pjms-grid-management/article_6465d1ea-3b7c-495d-893b-d45fb8986f20.html&ct=ga&cd=CAIyGjgyNTM1YzJkNDQ5YmE4OTI6Y29tOmVuOlVT&usg=AOvVaw0fooMgnfJqZY-DJ7zkIhnp,Google Alert: PJM,rto,rto
"Fri, 22 Aug 2025 07:14:37 GMT",Logpoint achieves validation of its greenhouse gas emissions reduction targets by ... - Mynewsdesk,Logpoint aims to reduce emissions by 42% by 2030 in operations and by 51.6% per million EUR value added in the value chain. The SBTi has approved&nbsp;...,https://www.google.com/url?rct=j&sa=t&url=https://www.mynewsdesk.com/logpoint/pressreleases/logpoint-achieves-validation-of-its-greenhouse-gas-emissions-reduction-targets-by-the-science-based-targets-initiative-3400347%3Futm_source%3Drss%26utm_medium%3Drss%26utm_campaign%3DAlert%26utm_content%3Dpressrelease&ct=ga&cd=CAIyGjA3ZjllMWExZWZkNmNkNGQ6Y29tOmVuOlVT&usg=AOvVaw36tV7tcOA6xHJnPbgobcco,Google Alert: SBTi,"technology, supplychain","technology, supplychain"
"Fri, 22 Aug 2025 06:19:04 GMT",<b>EPA</b> faces fierce opposition over plan to repeal greenhouse gas health finding - EHN,The U.S. Environmental Protection Agency heard overwhelming opposition Tuesday as it opened public hearings on its proposal to revoke its 2009&nbsp;...,https://www.google.com/url?rct=j&sa=t&url=https://www.ehn.org/epa-faces-fierce-opposition-over-plan-to-repeal-greenhouse-gas-health-finding&ct=ga&cd=CAIyGmI4NzZiNjY2OTJhMmEzYjQ6Y29tOmVuOlVT&usg=AOvVaw27rrBw9HpBfd2JxYCArhOj,Google Alert: ESG and Energy,,
"Fri, 22 Aug 2025 05:58:53 GMT",Salem News: Watchdog Group: <b>EPA</b> surveilled social media posts,"This article features Government Accountability Project Senior Environmental Officer, Lesley Pacey, and was originally published here. EAST PALESTINE&nbsp;...",https://www.google.com/url?rct=j&sa=t&url=https://whistleblower.org/in-the-news/salem-news-watchdog-group-epa-surveilled-social-media-posts/&ct=ga&cd=CAIyGmI4NzZiNjY2OTJhMmEzYjQ6Y29tOmVuOlVT&usg=AOvVaw1l4tSSHUZ5PCDXFc-11UN_,Google Alert: ESG and Energy,,
"Fri, 22 Aug 2025 05:23:47 GMT","Sweden's Vattenfall shortlists Rolls-Royce, GE Vernova to build <b>SMR</b> nuclear reactors",Swedish utility Vattenfall has selected Britain's Rolls-Royce SMR and U.S. group GE Vernova as candidates to supply a series of small modular&nbsp;...,https://www.google.com/url?rct=j&sa=t&url=https://www.reuters.com/business/energy/swedens-vattenfall-shortlists-rolls-royce-ge-vernova-build-smr-nuclear-reactors-2025-08-21/&ct=ga&cd=CAIyGmI4NzZiNjY2OTJhMmEzYjQ6Y29tOmVuOlVT&usg=AOvVaw3SV9bfRqRcH76gxcNNGz2D,Google Alert: ESG and Energy,technology,technology
"Fri, 22 Aug 2025 05:18:22 GMT",Data center dilemma: Giant tech hubs fueling unprecedented power demand in Texas,"Texas' ERCOT system is appealing to businesses, but data centers could test the power grid like never before. Author: khou.com. Published: 10:24 PM&nbsp;...",https://www.google.com/url?rct=j&sa=t&url=https://www.khou.com/video/news/local/data-center-dilemma-giant-tech-hubs-fueling-unprecedented-power-demand-in-texas/285-a5304d93-5ab9-4517-84c2-d61a0f4eb53f&ct=ga&cd=CAIyGmQyZTYzOTM0NDhmMzdjZjY6Y29tOmVuOlVT&usg=AOvVaw0Tl9lMow8OkAk24cz8PxEJ,Google Alert: ERCOT,"datacenters, rto","datacenters, rto"
"Fri, 22 Aug 2025 04:46:54 GMT",<b>EPA</b>: 1.92 billion RINs generated under the RFS in July | Biodiesel Magazine,"The U.S. EPA on Aug. 21 released data showing more than 1.92 billion RINs were generated under the Renewable Fuel Standard in July, down from 2.26&nbsp;...",https://www.google.com/url?rct=j&sa=t&url=https://biodieselmagazine.com/articles/epa-192-billion-rins-generated-under-the-rfs-in-july&ct=ga&cd=CAIyGmI4NzZiNjY2OTJhMmEzYjQ6Y29tOmVuOlVT&usg=AOvVaw2UwY4unPHrEQHww9pF9eQL,Google Alert: ESG and Energy,,
"Fri, 22 Aug 2025 04:42:15 GMT","<b>EPA</b>: 9 new SRE petitions filed, 204 SRE petitions currently pending","The U.S. EPA on Aug. 21 published updated small refinery exemption (SRE) data, reporting that nine new SRE petitions have been filed under the&nbsp;...",https://www.google.com/url?rct=j&sa=t&url=https://ethanolproducer.com/articles/epa-9-new-sre-petitions-filed-204-sre-petitions-currently-pending&ct=ga&cd=CAIyGmI4NzZiNjY2OTJhMmEzYjQ6Y29tOmVuOlVT&usg=AOvVaw3EjkCapba7mIb-r6S0XY-I,Google Alert: ESG and Energy,,
"Fri, 22 Aug 2025 04:15:34 GMT","Forever chemicals present in Greater Cincinnati water, <b>EPA</b> data shows. See where here","Sharon Scovanner pours drinking water from a filtration pitcher she uses at her home in Loveland. What are forever chemicals? PFAS, also known as&nbsp;...",https://www.google.com/url?rct=j&sa=t&url=https://www.cincinnati.com/story/news/2025/08/21/are-there-forever-chemicals-cincinnati-water-see-map/85706338007/&ct=ga&cd=CAIyGmI4NzZiNjY2OTJhMmEzYjQ6Y29tOmVuOlVT&usg=AOvVaw29Sr6e8twjave7aSpI9qkV,Google Alert: ESG and Energy,,
"Fri, 22 Aug 2025 04:05:22 GMT",<b>EPA</b> grant to fund local brownfield site assessments - The Brunswick News,That's what the Coastal Regional Commission is hoping to start with $1.2 million in grant funds from the U.S. Environmental Protection Agency&nbsp;...,https://www.google.com/url?rct=j&sa=t&url=https://thebrunswicknews.com/news/local_news/epa-grant-to-fund-local-brownfield-site-assessments/article_b7f63dd5-c646-48da-8c53-0c0d9bd8f80d.html&ct=ga&cd=CAIyGmI4NzZiNjY2OTJhMmEzYjQ6Y29tOmVuOlVT&usg=AOvVaw3oenMScwXD-t5TM1CMZm32,Google Alert: ESG and Energy,,
"Fri, 22 Aug 2025 03:49:56 GMT",<b>EPA</b> Relaxes Rules On Diesel Exhaust Fluid Systems - RV PRO,"The U.S. Environmental Protection Agency (EPA) has issued updated voluntary guidance for model year 2026 and older diesel engines and equipment,&nbsp;...",https://www.google.com/url?rct=j&sa=t&url=https://rv-pro.com/news/epa-relaxes-rules-on-diesel-exhaust-fluid-systems/&ct=ga&cd=CAIyGmI4NzZiNjY2OTJhMmEzYjQ6Y29tOmVuOlVT&usg=AOvVaw3TmiH4NiXFobPmjI9zUM1v,Google Alert: ESG and Energy,,
"Fri, 22 Aug 2025 03:33:03 GMT","<b>EPA</b> to reassess most chemical regs, Trump appointee says - POLITICO Pro",GREENWIRE | EPA's highest ranking chemicals official signaled plans to reconsider most of the toxics control rules finalized under the Biden&nbsp;...,https://www.google.com/url?rct=j&sa=t&url=https://subscriber.politicopro.com/article/eenews/2025/08/21/epa-to-reassess-most-chemical-regs-trump-appointee-says-00517872&ct=ga&cd=CAIyGmI4NzZiNjY2OTJhMmEzYjQ6Y29tOmVuOlVT&usg=AOvVaw3eiYtvXrMRRpxU4kRokmEY,Google Alert: ESG and Energy,,
"Fri, 22 Aug 2025 03:17:22 GMT",Zeldin's <b>EPA</b> Guidance Portal helps small businesses navigate regulatory maze,"So far, there is really nothing negative to say about Lee Zeldin's leadership at the Environmental Protection Agency from a conservative point of&nbsp;...",https://www.google.com/url?rct=j&sa=t&url=https://www.washingtontimes.com/news/2025/aug/21/zeldins-epa-guidance-portal-helps-small-businesses-navigate/&ct=ga&cd=CAIyGmI4NzZiNjY2OTJhMmEzYjQ6Y29tOmVuOlVT&usg=AOvVaw2J7W-HJd2ivhv5KYzlgNCb,Google Alert: ESG and Energy,,
"Fri, 22 Aug 2025 02:47:36 GMT",GreenCo Launches Free <b>ESG</b> App to Help Companies Take Action on Sustainability and ...,"KUALA LUMPUR, Malaysia and SINGAPORE, Aug. 22, 2025 /PRNewswire/ — GreenCo, a boutique ESG consulting firm in Hong Kong, announced the launch of&nbsp;...",https://www.google.com/url?rct=j&sa=t&url=https://laotiantimes.com/2025/08/22/greenco-launches-free-esg-app-to-help-companies-take-action-on-sustainability-and-climate-disclosure/&ct=ga&cd=CAIyGmI4NzZiNjY2OTJhMmEzYjQ6Y29tOmVuOlVT&usg=AOvVaw1hfT9RAiJ-3smeAHzfp39s,Google Alert: ESG and Energy,"esg, technology","esg, technology"
"Fri, 22 Aug 2025 02:46:12 GMT",CARB Executive Leader Rips Trump's <b>EPA</b> for Seeking to Kill Proven Climate Science,"Dr. Steven Cliff, executive officer of California Air Resources Board, says Trump's EPA is &quot;a laughingstock&quot; for rejecting proven science.",https://www.google.com/url?rct=j&sa=t&url=https://gvwire.com/2025/08/21/carb-executive-leader-rips-trumps-epa-for-seeking-to-kill-proven-climate-science/&ct=ga&cd=CAIyGmI4NzZiNjY2OTJhMmEzYjQ6Y29tOmVuOlVT&usg=AOvVaw3ya_GnzJL49J7LdCCJY5pX,Google Alert: ESG and Energy,technology,technology
"Fri, 22 Aug 2025 02:21:10 GMT",GMO Payment Gateway : and GMO Financial Gate Obtain Net Zero Certification from <b>SBTi</b> ...,GMO Payment Gateway : and GMO Financial Gate Obtain Net Zero Certification from SBTi for 2050 GHG Reduction Targets. Published on 08/21/2025 at 10&nbsp;...,https://www.google.com/url?rct=j&sa=t&url=https://www.marketscreener.com/news/gmo-payment-gateway-and-gmo-financial-gate-obtain-net-zero-certification-from-sbti-for-2050-ghg-re-ce7c50dada89f726&ct=ga&cd=CAIyGjA3ZjllMWExZWZkNmNkNGQ6Y29tOmVuOlVT&usg=AOvVaw3eswOgVn4bRZi0cCzJpDwp,Google Alert: SBTi,technology,technology
"Fri, 22 Aug 2025 02:18:18 GMT",Climate groups fighting <b>EPA</b> over grants expect a court decision soon - POLITICO Pro,"Three months after an appeals panel hearing in the case involving EPA's Greenhouse Gas Reduction Fund program, the grantees and their advisers see&nbsp;...",https://www.google.com/url?rct=j&sa=t&url=https://subscriber.politicopro.com/article/eenews/2025/08/21/climate-groups-fighting-epa-over-grants-expect-a-court-decision-soon-00516811&ct=ga&cd=CAIyGmI4NzZiNjY2OTJhMmEzYjQ6Y29tOmVuOlVT&usg=AOvVaw0pgDKjSUooDLQtkfm2gFiP,Google Alert: ESG and Energy,,
"Fri, 22 Aug 2025 02:10:23 GMT",GreenCo Launches Free <b>ESG</b> App to Help Companies Take Action on Sustainability and ...,"GreenCo, a boutique ESG consulting firm in Hong Kong, announced the launch of its new ESG Action Toolkit+ AI App, now available for free on iOS&nbsp;...",https://www.google.com/url?rct=j&sa=t&url=https://sg.finance.yahoo.com/news/greenco-launches-free-esg-app-020000184.html&ct=ga&cd=CAIyGmI4NzZiNjY2OTJhMmEzYjQ6Y29tOmVuOlVT&usg=AOvVaw3o1LJ8ST8PcIWWEw0KirFK,Google Alert: ESG and Energy,"esg, technology","esg, technology"
"Fri, 22 Aug 2025 01:29:19 GMT",Vattenfall proceeds with <b>SMR</b> supplier selection process - EnergyWatch,Vattenfall has decided to move forward with US-based GE Vernova and British Rolls-Royce SMR as suppliers of small modular reactors (SMRs) as a&nbsp;...,https://www.google.com/url?rct=j&sa=t&url=https://energywatch.com/EnergyNews/Utilities/article18459754.ece&ct=ga&cd=CAIyGmI4NzZiNjY2OTJhMmEzYjQ6Y29tOmVuOlVT&usg=AOvVaw1V1LeETYRw0FbZdiF0770x,Google Alert: ESG and Energy,,
"Fri, 22 Aug 2025 01:18:29 GMT",<b>EPA</b> Officially Proposes Revocation of Endangerment Finding | JD Supra,The Environmental Protection Agency (EPA) recently published its heavily anticipated proposal to revoke its 2009 determination under section&nbsp;...,https://www.google.com/url?rct=j&sa=t&url=https://www.jdsupra.com/legalnews/epa-officially-proposes-revocation-of-5168125/&ct=ga&cd=CAIyGmI4NzZiNjY2OTJhMmEzYjQ6Y29tOmVuOlVT&usg=AOvVaw1yUzqHvE-yZ9ZzFFroPp7J,Google Alert: ESG and Energy,,
"Thu, 21 Aug 2025 22:31:58 GMT",Companies with climate targets have more than tripled since 2023: <b>SBTi</b> | <b>ESG</b> Dive,"The SBTi, which validates that organizational sustainability ... Discover how carbon credits are reshaping corporate climate strategies&nbsp;...",https://www.google.com/url?rct=j&sa=t&url=https://www.esgdive.com/news/companies-with-climate-targets-have-more-than-tripled-since-2023-sbti/758280/&ct=ga&cd=CAIyGmI4NzZiNjY2OTJhMmEzYjQ6Y29tOmVuOlVT&usg=AOvVaw3yny19vOgEKnw8rOXWE1hN,Google Alert: ESG and Energy,"carbon, esg, technology","carbon, esg, technology"
"Thu, 21 Aug 2025 22:24:15 GMT",STX Group boosts industry liquidity and opens access to SAF certificates,"In the most recent SBTi Draft Net Zero guidance (March 2025), SAFc was recognized as a key solution to meet Scope 3 SBTi targets for business travel&nbsp;...",https://www.google.com/url?rct=j&sa=t&url=https://biomassmagazine.com/articles/stx-group-boosts-industry-liquidity-and-opens-access-to-saf-certificates&ct=ga&cd=CAIyGjA3ZjllMWExZWZkNmNkNGQ6Y29tOmVuOlVT&usg=AOvVaw2P8ugJUqEwMY_-GR1Ah1LO,Google Alert: SBTi,supplychain,supplychain
"Thu, 21 Aug 2025 22:21:06 GMT",<b>EPA</b> accepts Woodside's amendments to proposed Browse Basin gas project - ABC News,"Western Australia's EPA will proceed with its assessment of a major gas extraction plan for the Browse Basin, after Woodside changed its plan six&nbsp;...",https://www.google.com/url?rct=j&sa=t&url=https://www.abc.net.au/news/2025-08-21/epa-assessment-proceeding-browse-basin-woodside-gas-extraction/105681048&ct=ga&cd=CAIyGmI4NzZiNjY2OTJhMmEzYjQ6Y29tOmVuOlVT&usg=AOvVaw2aNykJ4XVrgEs5zm45CLd7,Google Alert: ESG and Energy,,
"Thu, 21 Aug 2025 22:15:49 GMT",<b>FERC</b>: Solar + wind made up 91% of new US power generating capacity to end of May 2025,"Taken together, the net new “high probability” capacity additions by all renewable energy sources over the next three years – the bulk of the Trump&nbsp;...",https://www.google.com/url?rct=j&sa=t&url=https://electrek.co/2025/08/21/ferc-solar-wind-made-up-91-of-new-us-power-generating-capacity-to-end-of-may-2025/&ct=ga&cd=CAIyGmI4NzZiNjY2OTJhMmEzYjQ6Y29tOmVuOlVT&usg=AOvVaw2Npt93sPpvG65z3EC7toMC,Google Alert: ESG and Energy,"renewable, rto","renewable, rto"
"Thu, 21 Aug 2025 22:05:28 GMT","US generated more renewable blending credits in July, <b>EPA</b> says | Reuters",Make sense of the latest ESG trends affecting companies and governments with the Reuters Sustainable Switch newsletter. Sign up here. Credits&nbsp;...,https://www.google.com/url?rct=j&sa=t&url=https://www.reuters.com/sustainability/climate-energy/us-generated-more-renewable-blending-credits-july-epa-says-2025-08-21/&ct=ga&cd=CAIyGmI4NzZiNjY2OTJhMmEzYjQ6Y29tOmVuOlVT&usg=AOvVaw0KnUZWUVVsw9NruM_IlJ_C,Google Alert: ESG and Energy,"esg, technology","esg, technology"
"Thu, 21 Aug 2025 17:03:11 GMT",Emerging economies turn to Asian reactors for new wave of nuclear power,"China, Korea and Russia move ahead of the West in the race to sell reactors overseas, as developing states back nuclear energy in a ""new era of growth"" 
The post Emerging economies turn to Asian reactors for new wave of nuclear power   appeared first on Climate Home News.",https://www.climatechangenews.com/2025/08/21/emerging-asia-reactors-new-wave-power-energy-developing-china-korea/,Climate Change News,,
"Thu, 21 Aug 2025 15:48:33 GMT",Entergy to Build Three Gas Plants for Meta’s Biggest Data Center,Meta’s ‘Manhattan-sized’ AI facility requires massive power infrastructure to match its 5 GW appetite.,https://www.datacenterknowledge.com/energy-power-supply/entergy-to-build-three-gas-plants-for-meta-s-biggest-data-center,Data Center Knowledge,"datacenters, technology","datacenters, technology"
"Thu, 21 Aug 2025 15:41:00 GMT",Why we couldn’t agree on a plastics treaty in Geneva – and what might happen next,"Switzerland's lead negotiator at INC-5.2 reflects on why the talks didn't succeed - and the options now for getting an effective agreement
The post Why we couldn’t agree on a plastics treaty in Geneva &#8211; and what might happen next appeared first on Climate Home News.",https://www.climatechangenews.com/2025/08/21/why-we-couldnt-agree-on-a-plastics-treaty-in-geneva-and-what-might-happen-next/,Climate Change News,,
"Thu, 21 Aug 2025 11:20:28 GMT",China’s emissions fall but growing coal-to-chemicals sector raises concern,"The fast-rising use of coal in the production of synthetic fuels and plastics could put China's climate targets at risk despite record additions of renewables, new analysis shows
The post China&#8217;s emissions fall but growing coal-to-chemicals sector raises concern appeared first on Climate Home ...",https://www.climatechangenews.com/2025/08/21/chinas-emissions-fall-but-growing-coal-to-chemicals-sector-raises-concern/,Climate Change News,technology,technology
"Thu, 21 Aug 2025 08:30:00 GMT",Terabit Connection: Will 6G Finally Cut the Data Center Cable?,"While 6G technology remains in the planning stages, its potential terabit speeds and near-zero latency could revolutionize data center networking by 2030.",https://www.datacenterknowledge.com/networking/terabit-connection-will-6g-finally-cut-the-data-center-cable-,Data Center Knowledge,"datacenters, technology","datacenters, technology"
"Wed, 20 Aug 2025 18:14:08 GMT",Beyond Backup: How BESS Protects Data Centers from Emerging Cyber Threats,"As cyber threats evolve beyond IT to target power systems, modern battery solutions offer data centers a new layer of protection against attacks, writes Andressa Ferraz.",https://www.datacenterknowledge.com/cybersecurity/beyond-backup-how-bess-protects-data-centers-from-emerging-cyber-threats,Data Center Knowledge,"datacenters, technology","datacenters, technology"
"Wed, 20 Aug 2025 15:56:53 GMT",Meta to add 100MW of solar power from US gear,The social media company is adding another tranche of solar to power a new AI data center in South Carolina.,https://techcrunch.com/2025/08/20/meta-to-add-100-mw-of-solar-power-from-u-s-gear/,TechCrunch AI,"renewable, datacenters, technology","renewable, datacenters, technology"
"Wed, 20 Aug 2025 15:14:05 GMT","“Epic” effort needed to hit 2050 nuclear power target, experts say","Nuclear energy is back in favour as a low-emissions alternative to fossil fuels, but high costs and long build times make a goal to triple capacity by 2050 seem a tall order
The post &#8220;Epic&#8221; effort needed to hit 2050 nuclear power target, experts say appeared first on Climate Home News.",https://www.climatechangenews.com/2025/08/20/epic-effort-needed-to-hit-2050-nuclear-power-target-experts-say/,Climate Change News,,
"Wed, 20 Aug 2025 14:37:22 GMT","Defying Trump, banks and investors boost renewables as they recoil from fossil fuel stocks","Market forces appear to be pushing the financial sector away from fossil fuel investments
The post Defying Trump, banks and investors boost renewables as they recoil from fossil fuel stocks appeared first on Corporate Knights.",https://www.corporateknights.com/category-finance/defying-trump-banks-investors-boost-renewables-recoil-from-fossil-fuel-stocks/,Corporate Knights,,
"Wed, 20 Aug 2025 09:00:00 GMT",Current Debate: Will the Data Center of the Future Be AC or DC?,"As AI transforms data centers, the industry revisits a fundamental question: is AC or DC power better suited for tomorrow’s high-density computing needs?",https://www.datacenterknowledge.com/energy-power-supply/current-debate-will-the-data-center-of-the-future-be-ac-or-dc,Data Center Knowledge,"datacenters, technology","datacenters, technology"
"Wed, 20 Aug 2025 08:30:48 GMT",Google Signs Deal to Power Data Centers from Advanced Nuclear Plant by 2030,"Google, nuclear technology company Kairos Power, and the Tennessee Valley Authority (TVA) announced a new [&#8230;]",https://www.esgtoday.com/google-signs-deal-to-power-data-centers-from-advanced-nuclear-plant-by-2030/?utm_source=rss&utm_medium=rss&utm_campaign=google-signs-deal-to-power-data-centers-from-advanced-nuclear-plant-by-2030,ESG Today,"datacenters, technology","datacenters, technology"
"Tue, 19 Aug 2025 16:38:27 GMT",COP30 president prepares for clash of views on how to respond to NDCs,"With most countries yet to submit new emissions-cutting plans due by the end of next month, Brazil will launch consultations on how to tackle an expected shortfall in ambition 
The post COP30 president prepares for clash of views on how to respond to NDCs appeared first on Climate Home News.",https://www.climatechangenews.com/2025/08/19/cop30-president-prepares-for-clash-of-views-on-how-to-respond-to-ndcs/,Climate Change News,,
"Tue, 19 Aug 2025 16:29:59 GMT","U.S. Seeks Intel Stake Without Governance Rights, Lutnick Says",The commerce secretary framed potential Intel investment as protecting taxpayer interests while maintaining U.S. semiconductor independence.,https://www.datacenterknowledge.com/data-center-chips/us-seeks-intel-stake-without-governance-rights,Data Center Knowledge,technology,technology
"Tue, 19 Aug 2025 15:11:42 GMT","There's much more support for climate action than policymakers think, study finds","A new study from Oxford shows that global representatives are grossly underestimating what the public is willing to do to curb global warming
The post There&#039;s much more support for climate action than policymakers think, study finds appeared first on Corporate Knights.",https://www.corporateknights.com/leadership/theres-much-more-support-for-climate-action-than-policymakers-think-study-finds/,Corporate Knights,,
"Tue, 19 Aug 2025 12:51:28 GMT",How Panasonic is working to cut emissions through Panasonic Green Impact,"Climate change requires comprehensive solutions
The post How Panasonic is working to cut emissions through Panasonic Green Impact appeared first on Corporate Knights.",https://www.corporateknights.com/sponsored/climate-change-requires-comprehensive-solutions/,Corporate Knights,,
"Tue, 19 Aug 2025 12:26:18 GMT",Leaders should put the Amazon at the heart of a new green economy,"Amazon nations meeting in Colombia can bring unified, bold commitments to COP30 - and define a model that prioritises people and planet through long-term prosperity
The post Leaders should put the Amazon at the heart of a new green economy appeared first on Climate Home News.",https://www.climatechangenews.com/2025/08/19/amazon-at-the-heart-of-a-new-green-economy/,Climate Change News,,
"Tue, 19 Aug 2025 08:38:03 GMT",BlackRock Acquires Stake in Eni’s Carbon Capture Platform,Investment giant BlackRock’s infrastructure investment unit Global Infrastructure Partners (GIP) announced that it has acquired a [&#8230;],https://www.esgtoday.com/blackrock-acquires-stake-in-enis-carbon-capture-platform/?utm_source=rss&utm_medium=rss&utm_campaign=blackrock-acquires-stake-in-enis-carbon-capture-platform,ESG Today,,
"Tue, 19 Aug 2025 08:30:00 GMT",Could Water-Free Data Centers Move from Concept to Reality?,"Microsoft plans to pilot water-free facilities by 2026, but can the industry truly eliminate cooling water without sacrificing energy efficiency?",https://www.datacenterknowledge.com/cooling/could-water-free-data-centers-move-from-concept-to-reality-,Data Center Knowledge,datacenters,datacenters
"Tue, 19 Aug 2025 07:24:45 GMT",ECB President Warns Lawmakers Against Watering Down CSRD Sustainability Reporting Requirements,Initiatives underway to reduce European sustainability reporting and due diligence reporting requirements could limit the [&#8230;],https://www.esgtoday.com/ecb-president-warns-lawmakers-against-watering-down-csrd-sustainability-reporting-requirements/?utm_source=rss&utm_medium=rss&utm_campaign=ecb-president-warns-lawmakers-against-watering-down-csrd-sustainability-reporting-requirements,ESG Today,"esg, technology","esg, technology"
"Mon, 18 Aug 2025 22:08:00 GMT","Cybersecurity Spending Slows, Security Teams Shrink","Many CISOs confessed they are grappling with flat or reduced budgets, indicating a growing challenge in the industry.",https://www.datacenterknowledge.com/cybersecurity/cybersecurity-spending-slows-security-teams-shrink,Data Center Knowledge,rto,rto
"Mon, 18 Aug 2025 17:45:00 GMT","Data Centers Need Own Power Supply, US Grid Watchdog Says",Monitoring Analytics’ latest quarterly report recommends requiring large data centers to provide their own power generation.,https://www.datacenterknowledge.com/energy-power-supply/data-centers-need-own-power-supply-us-grid-watchdog-says,Data Center Knowledge,datacenters,datacenters
"Mon, 18 Aug 2025 17:18:33 GMT",Record-Breaking Data Center Demand Collides With Critical Grid Limitations,"The North American data center market is facing record demand but also long grid delays, with only short-term workarounds available until new capacity comes online, according to JLL.",https://www.datacenterknowledge.com/data-center-construction/record-breaking-data-center-demand-collides-with-critical-grid-limitations,Data Center Knowledge,"datacenters, technology","datacenters, technology"
"Mon, 18 Aug 2025 06:13:16 GMT",California Climate Reporting Law Survives Court Challenge,California&#8217;s new laws laws requiring large companies to disclose their value chain greenhouse gas emissions [&#8230;],https://www.esgtoday.com/california-climate-reporting-law-survives-court-challenge/?utm_source=rss&utm_medium=rss&utm_campaign=california-climate-reporting-law-survives-court-challenge,ESG Today,"technology, supplychain","technology, supplychain"
"Sun, 17 Aug 2025 08:43:08 GMT",ESG Today: Week in Review,This week in ESG news: Danske Bank divests over 85% of oil and gas companies [&#8230;],https://www.esgtoday.com/esg-today-week-in-review-227/?utm_source=rss&utm_medium=rss&utm_campaign=esg-today-week-in-review-227,ESG Today,esg,esg
"Fri, 15 Aug 2025 16:26:15 GMT",What happens when you close oil refineries without an energy plan? California is finding out.,"Shuttering two refineries is an environmental win. But without a plan in place, climate advocates fear it puts progress on emissions at risk.
The post What happens when you close oil refineries without an energy plan? California is finding out. appeared first on Corporate Knights.",https://www.corporateknights.com/energy/oil-refineries-close-in-california-without-an-energy-plan/,Corporate Knights,,
"Fri, 15 Aug 2025 14:20:06 GMT",Assent Launches New EU Deforestation Regulation Compliance Solution,Supply chain sustainability management solutions provider Assent announced the launch of its new EU Deforestation Regulation [&#8230;],https://www.esgtoday.com/assent-launches-new-eu-deforestation-regulation-compliance-solution/?utm_source=rss&utm_medium=rss&utm_campaign=assent-launches-new-eu-deforestation-regulation-compliance-solution,ESG Today,"esg, technology, supplychain","esg, technology, supplychain"
"Fri, 15 Aug 2025 09:14:43 GMT","FCA Says Sustainability-Linked Loan Market Has Become More Mature, Credible",The sustainability-linked loan (SLL) market has made progress towards addressing some of its key integrity [&#8230;],https://www.esgtoday.com/fca-says-sustainability-linked-loan-market-has-become-more-mature-credible/?utm_source=rss&utm_medium=rss&utm_campaign=fca-says-sustainability-linked-loan-market-has-become-more-mature-credible,ESG Today,"esg, technology","esg, technology"
"Fri, 15 Aug 2025 09:07:46 GMT",Campaigners sue Chilean government over copper mining pollution,"The case comes after Climate Home News revealed that uncontrolled air pollution has put people's health at risk in Chile's copper mining heartland
The post Campaigners sue Chilean government over copper mining pollution  appeared first on Climate Home News.",https://www.climatechangenews.com/2025/08/15/campaigners-sue-chilean-government-over-copper-mining-pollution/,Climate Change News,technology,technology
"Fri, 15 Aug 2025 08:56:30 GMT",Plastics treaty talks collapse without a deal after “chaotic” negotiations,"UN talks ran into overtime, ending with a standoff over whether a treaty should include curbs on plastic production and the way forward unclear
The post Plastics treaty talks collapse without a deal after &#8220;chaotic&#8221; negotiations appeared first on Climate Home News.",https://www.climatechangenews.com/2025/08/15/plastics-treaty-talks-collapse-without-a-deal-after-chaotic-negotiations/,Climate Change News,,
"Fri, 15 Aug 2025 08:02:02 GMT","FoodTech Startup Prefer Raises $4.2 Million to Scale Low Carbon Coffee, Cocoa Alternatives",Singapore-based food tech start-up Prefer announced that it has raised $4.2 million in a Pre-Series [&#8230;],https://www.esgtoday.com/foodtech-startup-prefer-raises-4-2-million-to-scale-low-carbon-coffee-cocoa-alternatives/?utm_source=rss&utm_medium=rss&utm_campaign=foodtech-startup-prefer-raises-4-2-million-to-scale-low-carbon-coffee-cocoa-alternatives,ESG Today,technology,technology
"Fri, 15 Aug 2025 08:00:00 GMT",A Practical Guide to Data Center Yield on Cost (YoC),Understanding data center yield on cost calculations is crucial for investors seeking to evaluate potential returns on these capital-intensive infrastructure projects.,https://www.datacenterknowledge.com/investing/a-practical-guide-to-data-center-yield-on-cost-yoc-,Data Center Knowledge,datacenters,datacenters
"Thu, 14 Aug 2025 18:55:54 GMT",Clock runs down on global plastics pact with no deal in sight,"After two and a half years of talks, fierce divisions over whether to tackle plastic production as well as waste are holding back an agreement
The post Clock runs down on global plastics pact with no deal in sight appeared first on Climate Home News.",https://www.climatechangenews.com/2025/08/14/clock-runs-down-on-global-plastics-pact-with-no-deal-in-sight/,Climate Change News,,
"Thu, 14 Aug 2025 18:54:15 GMT",Rethinking Fire Protection Strategies for Lithium-Ion Use in Data Centers,"As lithium-ion batteries transform data center power systems, fire protection strategies must evolve to address unique safety challenges, writes Mark Suski.",https://www.datacenterknowledge.com/energy-power-supply/rethinking-fire-protection-strategies-for-lithium-ion-use-in-data-centers,Data Center Knowledge,datacenters,datacenters
"Thu, 14 Aug 2025 17:07:32 GMT",Cisco Boss Eyes ‘Sovereign’ AI Work As Orders Smash Targets,Business with hyperscalers to connect AI data centers helped Cisco report sales and profit growth for its recently ended fourth quarter.,https://www.datacenterknowledge.com/networking/cisco-boss-eyes-sovereign-ai-work-as-orders-smash-targets,Data Center Knowledge,"datacenters, technology","datacenters, technology"
"Thu, 14 Aug 2025 16:51:10 GMT","Solar energy is good for the planet, but it could be bad for birds","Small but growing research indicates that solar farms are harmful to some birdlife, but the extent of the risk is poorly studied
The post Solar energy is good for the planet, but it could be bad for birds appeared first on Corporate Knights.",https://www.corporateknights.com/energy/solar-energy-is-good-for-the-planet-but-it-could-be-bad-for-birds/,Corporate Knights,renewable,renewable
"Thu, 14 Aug 2025 15:23:07 GMT","23 State Coalition Warns SBTi, Financial Firms Over Antitrust Risk from Net Zero Commitments","A group of 23 U.S. State Attorneys General*, led by Iowa AG Brenna Bird, published [&#8230;]",https://www.esgtoday.com/23-state-coalition-warns-sbti-financial-firms-over-antitrust-risk-from-net-zero-commitments/?utm_source=rss&utm_medium=rss&utm_campaign=23-state-coalition-warns-sbti-financial-firms-over-antitrust-risk-from-net-zero-commitments,ESG Today,,
"Thu, 14 Aug 2025 12:01:00 GMT",Equinix Bets on Nuclear Power to Fuel Data Center Energy Demands,"The operator has announced multiple nuclear partnerships to secure reliable, scalable power sources ahead of surging AI-driven energy demands.",https://www.datacenterknowledge.com/next-gen-data-centers/equinix-bets-on-nuclear-power-to-fuel-data-center-energy-demands,Data Center Knowledge,"datacenters, technology","datacenters, technology"
"Thu, 14 Aug 2025 09:58:21 GMT",Governments are avoiding renewable energy goals – and it matters,"Despite a pledge to triple global renewables capacity by 2030, national targets have barely increased in the past two years, leaving investors without a strong signal 
The post Governments are avoiding renewable energy goals &#8211; and it matters appeared first on Climate Home News.",https://www.climatechangenews.com/2025/08/14/governments-are-avoiding-renewable-energy-goals-and-it-matters/,Climate Change News,renewable,renewable
"Thu, 14 Aug 2025 05:00:00 GMT",Hungary’s bet on EV battery boom hits bumps in the road,"Prime Minister Viktor Orbán wants to turn his country into a European battery hub, but environmental opposition to factories and stagnating EV demand threaten the plan 
The post Hungary’s bet on EV battery boom hits bumps in the road  appeared first on Climate Home News.",https://www.climatechangenews.com/2025/08/14/hungarys-bet-on-ev-battery-boom-hits-bumps-in-the-road/,Climate Change News,,
"Wed, 13 Aug 2025 18:23:34 GMT",COP30 host Brazil drops support for plastic products ban in new global pact,"Diplomats at UN plastics talks told Climate Home that Brazil's positions have been more aligned with major oil producers during the current round of talks in Geneva
The post COP30 host Brazil drops support for plastic products ban in new global pact   appeared first on Climate Home News.",https://www.climatechangenews.com/2025/08/13/cop30-host-brazil-drops-support-for-plastics-law-ban-in-new-global-pact/,Climate Change News,,
"Wed, 13 Aug 2025 17:38:09 GMT",Apollo to Buy Cooling Equipment Maker Kelvion in €2B Deal,"The deal comes as governments around the world ramp up investments into AI, driving demand for chips and data centers.",https://www.datacenterknowledge.com/deals/apollo-to-buy-cooling-equipment-maker-kelvion-in-2b-deal,Data Center Knowledge,"datacenters, technology","datacenters, technology"
"Wed, 13 Aug 2025 16:22:55 GMT","Brazil insists it will host COP30 in Belém, despite accommodation worries","A document sent to COP bureau members by the Brazilian hosts says the UN talks will stay in the Amazon city of Belém and argues enough beds are available
The post Brazil insists it will host COP30 in Belém, despite accommodation worries appeared first on Climate Home News.",https://www.climatechangenews.com/2025/08/13/brazil-insists-it-will-host-cop30-in-belem-despite-accommodation-worries/,Climate Change News,technology,technology
"Tue, 12 Aug 2025 16:35:46 GMT","Show courage to vote for a strong plastics treaty, campaigners urge countries","As UN talks on a new global plastics pact reach their endgame, environmentalists call for a vote that could stop a handful of states blocking an ambitious deal to curb production 
The post Show courage to vote for a strong plastics treaty, campaigners urge countries appeared first on Climate Home Ne...",https://www.climatechangenews.com/2025/08/12/show-courage-to-vote-for-a-strong-plastics-treaty-campaigners-urge-countries/,Climate Change News,technology,technology
"Tue, 12 Aug 2025 14:54:29 GMT","After floods and failed harvests, Korean farmers sue state power utility for damages","Six farmers are seeking compensation from South Korea's KEPCO, arguing its fossil fuel emissions have contributed to economic and emotional harm
The post After floods and failed harvests, Korean farmers sue state power utility for damages appeared first on Climate Home News.",https://www.climatechangenews.com/2025/08/12/after-floods-and-failed-harvests-korean-farmers-sue-state-power-utility-for-damages-climate-lawsuit/,Climate Change News,technology,technology
"Mon, 11 Aug 2025 18:49:54 GMT",Deadlock in UN plastics talks raises fears of watered-down deal,"During a webinar hosted by Climate Home in Geneva, Panama's climate envoy said his country would reject a weak deal that ignores the growing production of plastics
The post Deadlock in UN plastics talks raises fears of watered-down deal appeared first on Climate Home News.",https://www.climatechangenews.com/2025/08/11/deadlock-in-un-plastics-talks-raises-fears-of-watered-down-deal/,Climate Change News,technology,technology
"Mon, 11 Aug 2025 17:25:54 GMT",Brazil set to weaken environmental controls despite Lula’s intervention,"The president approved a bill to streamline the country's environmental licensing processes but vetoed some of its more harmful provisions
The post Brazil set to weaken environmental controls despite Lula&#8217;s intervention  appeared first on Climate Home News.",https://www.climatechangenews.com/2025/08/11/brazil-cop30-environmental-regulations-devastation-lula-veto/,Climate Change News,,
"Tue, 29 Jul 2025 14:00:52 GMT",Sustainability Goals Are Set—So Why Aren’t They Being Met? Closing the IT Operations Gap,"Many companies have set ambitious IT sustainability goals, but progress is lagging. Learn what’s holding teams back and how smarter infrastructure, executive alignment, and lifecycle strategies can help close the gap.",https://www.techrepublic.com/article/sustainability-goals-are-set-so-why-arent-they-being-met-closing-the-it-operations-gap/,TechRepublic Sustainability,"esg, technology","esg, technology"
